Golfer (Last),Golfer (First),Market,Stake,Odds,Probability,EV
Morikawa, Collin,win,10.836666666667439,1.25,0.804334666666667,0.005418333333333719
Morikawa, Collin,top_10,434.2490000000044,1.01,0.9986980000000001,0.008684980000000096
Reed, Patrick,top_10,5.219069447617186,1.13333334,0.8835809523809521,0.0013917519222855085
English, Harris,top_10,3.3199603174600414,2.5,0.403983952380952,0.009959880952380096
Berger, Daniel,top_5,11.607600255824746,1.90909091,0.5348643809523811,0.02110472775896788
Finau, Tony,top_5,0.16599999999999948,2.0,0.500166,3.3199999999999896E-4
